YILMAZ;ILDEN
KAYA;KARACAK
DEMIR;KIRANLI
SAHIN;KULAHCIOGLU
CELIK;MAMATI
YILDIZ;TABARU
YILDIRIM;TASALI
OZTURK;TASGIRAN
AYDIN;TIMURLENK
OZDEMIR;TUGLACI
ARSLAN;TURKMENLI
DOGAN;YAGIZER
KILIC;YEN
CETIN;ACARCA
ASLAN;ALAGOZOGLU
KARA;ARAK
KOC;AZER
KURT;BUDANCAMANAK
OZKAN;BUT
ACAR;CELENLI
OZCAN;CILE
SIMSEK;DINKE
CAKIR;DISSIZ
KORKMAZ;DOKEN
ERDOGAN;EDIN
YAVUZ;EYMIR
CAN;GUNALAN
SEN;GUNYEL
POLAT;HALEFOGLU
YALCIN;KALABAK
GULER;KARACOCUK
AKTAS;KARSAN
GUNES;KEFLI
BULUT;KEMERCI
UNAL;KIRISCIOGLU
KESKIN;KIYANC
ISIK;KUDEN
BOZKURT;MINTEMUR
AVCI;MOGOL
TURAN;MUSTAK
COSKUN;OZEKICI
GUL;PESTIL
OZER;SUGUR
SARI;TAKIS
KAPLAN;TERECE
YUKSEL;TOMA
KOSE;TUNCOK
TEKIN;YAGSI
AKSOY;AKCETIN
ATES;AKSUZEK
TAS;ARBAG
UZUN;ARPAK
YIGIT;BAYDUZ
CEYLAN;CAKMAN
KARATAS;CAV
KARACA;CAVA
CALISKAN;DAGDEVIR
COBAN;DAY
DEMIRCI;DOVEN
CICEK;DUMANGOZ
GUNGOR;EGUZ
CAKMAK;ERIC
BAYRAM;EVLEKSIZ
YASAR;FIRTANA
UYSAL;GELERI
DENIZ;GUNDUZOGLU
CIFTCI;HARAS
UCAR;ILENGIZ
ERDEM;KAYABASLI
KAHRAMAN;KAZI
GENC;KILIVAN
DUMAN;KUBASIK
CINAR;KURTBAY
AKIN;LERMIOGLU
SONMEZ;NURCIN
DEMIREL;ORDEKCI
KUCUK;OZARAS
MUTLU;PULLUK
AY;SAMASTI
YAMAN;SEZIKLI
KILINC;SOYBELLI
CETINKAYA;SOYDAM
KOCAK;TACKIN
GUMUS;TURKGELDI
GUNDUZ;UNVAR
OZ;YERTURK
ALTUN;AGALAR
EREN;AKKARTAL
COLAK;BAGCA
GUVEN;BASDINC
DONMEZ;BUYUKOZER
KARAKAYA;CENGI
TUNC;COKSEN
AYDEMIR;COMERTPAY
GOK;ELEN
KARAMAN;ERDUVAN
EROL;GOKCELER
OZEN;GOZLEMECI
BALCI;KARGALI
KARTAL;KERVANCI
TOSUN;KUC
AKSU;KUSMAN
ALKAN;MUDUROGLU
SAGLAM;OBAY
CEVIK;OLGAN
TURK;ONDOGAN
INCE;SORMAZ
DURAN;TANTEKIN
KARAKUS;TEKKAYA
CENGIZ;TIDIM
BAS;ULGAR
GUZEL;YAZILITAS
KELES;YILDIRIMCAN
KARABULUT;YOGURT
AKKAYA;YULU
AKBAS;ABIR
EROGLU;AGZIKARA
DURMUS;AKARTUNA
USLU;BAYKAR
AKGUN;BOSNALI
AKBULUT;CAKMAR
DEMIRTAS;DARICIOGLU
YUCEL;DEMIRDOGER
YAZICI;ELGAY
DURMAZ;ELKAN
AYDOGAN;GOZLUGOL
OZCELIK;IBRIK
DURSUN;ILDIRIM
UNLU;KOCAELI
ER;KONGUL
CELEBI;KULBAY
KARAGOZ;MORCICEK
KOCA;ODEK
AKGUL;OGULTARHAN
TURKMEN;ORTAS
KARAKAS;OZBALIK
GURBUZ;PISIL
TOPAL;RESBER
TOPCU;SAVASER
DINC;SAYLA
SENTURK;SEBAT
GULTEKIN;SULANC
VURAL;SUYUN
EKINCI;TIRGIL
OZMEN;TONGUL
SARIKAYA;YALGI
ERGUN;YANARATES
DAG;YURDABAK
BILGIN;AMANVERMEZ
TOPRAK;BARAL
ZENGIN;BAYSOZ
SEZER;CIFCIOGLU
GOKCE;CIFTEL
BAL;CIVCIK
GUNDOGDU;DIZER
BEKTAS;DOGRUSOY
GUNEY;DUTLU
AKYOL;DUVARBASI
GUNER;EMERCE
ILHAN;ERANIL
ALBAYRAK;ERKAR
FIDAN;ESITMEZ
SEKER;KANDILLI
TURGUT;KARADAN
AYDOGDU;KILAGUZ
BAYRAK;KIYAGAN
OGUZ;LORT
OZEL;ODEV
INAN;OMURLU
AKAR;ONLUTURK
AK;REHBER
TASKIN;SABA
ORHAN;SAMCI
KARADAG;SEVERCAN
AKYUZ;SOZUGUZEL
ERCAN;TURKUM
KALKAN;TURNAGOL
GUNAY;ULUYURT
BAYRAKTAR;UZUNOK
ESEN;YAGLICI
UGUR;YAZAL
IPEK;BESOLUK
AKPINAR;BICEROGLU
AKKUS;BIRIKTIR
ERSOY;CALDAG
OZBEK;CALISKANOGLU
CAM;CANALP
AYGUN;CELIKYUREK
ONER;CELTIKOGLU
SENER;CILASIN
TEMEL;DAMAT
CAGLAR;GOREZ
ACIKGOZ;KARAOT
TASDEMIR;KETME
ARI;KUSER
BUDAK;KUYULU
EFE;MENCUK
ERGIN;OLUKCU
AYHAN;ONSEKIZ
TUNCER;OZZEYBEK
SEVINC;SAVTEKIN
SERT;SECKINER
AKCAY;UCARCI
ALTINTAS;ZUNBUL
BASARAN;AYMA
AKCA;BOZKIRLI
GUR;CESMEBASI
SENGUL;DEHMEN
TAN;DELIACI
ATALAY;EDIZER
AKMAN;ERBAKAN
ERTURK;ERBOZ
KOYUNCU;ERTENE
AKDEMIR;GENCSOY
ALTIN;GUNGUL
KARADENIZ;GURUZ
AYAZ;HALMAN
ARAS;HIRLAK
CIMEN;ISKAR
KARAKOC;KAHRAMANER
GEZER;KAPTIKACTI
BICER;KEREKLI
KACAR;KILIBOZ
BAKIR;MANKIR
TUNA;OZKARADENIZ
MERT;PUSMAZ
USTA;SAMDAN
AKDAG;SIVARI
BARAN;TEMIRTAS
TURHAN;TOMURCUK
AKDENIZ;TUTKAC
SEZGIN;YALTA
GUN;YELMAN
DUNDAR;YESER
UYAR;ATASAY
KARAHAN;AYAKSIZ
KANDEMIR;BISIRICI
PEHLIVAN;BULGU
ONAL;CIYAN
ORUC;EMUCE
BULBUL;ERZENGIN
KUS;EYNALLI
BOLAT;GUNAN
METIN;GUNDAL
TASCI;IMANCI
ARIKAN;KARAKAHYA
CAKAR;KESOGLU
SAVAS;OKCAN
YESIL;PILAV
DINCER;SIMITCI
YUCE;TARAR
ERKAN;TASYARAN
ONDER;YARARLI
AKDOGAN;ADIR
SEVIM;ALKIZ
DOGRU;AYKIT
KUTLU;BADDAL
ALTAY;BAYKUSAK
YALCINKAYA;BULTE
KURU;BUYUKKAHRAMAN
ALTUNTAS;DANDIL
BINGOL;DEDEMEN
EKICI;DINDAROGLU
OKSUZ;ETIKE
OZKAYA;GODELEK
ATMACA;GUMUSALAN
ORAL;GUZELBABA
ESER;HANO
DEMIRBAS;HEREK
EKER;KALKISIM
DURAK;KIZILGUN
BOZ;OGUC
GEDIK;OZDINCER
VAROL;SAVASLI
DEMIRCAN;TAPKI
FIRAT;TOGAL
AKAY;UCMA
KOKSAL;UZUNKOL
GUCLU;AKYAPI
TURKOGLU;ALANC
PARLAK;BAYAZITOGLU
GOKTAS;BILGISEVEN
SANLI;BITGEN
ATAS;BOYOGLU
OZDEN;BULBULOGLU
GURSOY;DALFIDAN
UNSAL;EKIMCI
GULEC;IPTAS
SOYLU;IREC
SENOL;KILERCI
OLMEZ;KIRTIK
AKINCI;KOLBURAN
UGURLU;KURTLAR
SAHAN;RISVAN
ADIGUZEL;SARACBASI
TORUN;SINCAN
ERTAS;SIPAR
YAVAS;SIRI
MERCAN;SUSLER
TURKER;TEKKESIN
BILGIC;YASUL
ENGIN;AKBANA
KOROGLU;ALCU
DAGLI;ALTUNSOZ
ALP;AVLI
DEGIRMENCI;BAKLAN
SARAC;BASTEMUR
AYYILDIZ;BILGEHAN
OZSOY;BIRDANE
SOLMAZ;CAKTO
USTUN;DOKUYAN
MEMIS;ERAN
KESER;ERBILEN
SOLAK;GOLYERI
DEVECI;IBIN
ELMAS;ICELLI
OCAK;INCESOY
GOKMEN;KARSIT
DAL;KELEMCI
ALAN;KILAVUZOGLU
OZGUR;KULECI
BAGCI;LEK
ERGUL;MOLU
KAVAK;SIRINGUL
BAYAR;SIZAN
UYGUN;SOYUNCU
TANRIVERDI;SUNGURLU
AKTURK;SUNGURTEKIN
BAYSAL;TAGRIKULU
KOCAMAN;TUMUKLU
AYTEKIN;UGURER
ERDEN;YARDAK
GUNAYDIN;YARUK
GULMEZ;YELBEY
PALA;AGARTAN
YANIK;AKCARA
KARADUMAN;AKKOPRU
ULUSOY;AYDINAY
GIRGIN;BABUL
SELCUK;BEDIRHANOGLU
GUREL;BEKIN
ERYILMAZ;BERKI
UYANIK;BILKIC
TEMIZ;BUYUKCAPAR
TETIK;CENGELCI
OKUR;DOLUAY
PEKER;ERTOKUS
KARABACAK;GEZERLER
ATAY;HENDEKCI
KOSEOGLU;INAG
ARIK;KIYAN
OCAL;MUGAN
AYAN;PER
YAGCI;RENKLI
KARAASLAN;SAGLAMOGLU
SEVER;SAYGUN
SIRIN;SUNDU
DEDE;TALSIK
SAYIN;TAPKAN
TEZCAN;TAYFAN
CEYHAN;UGUROGLU
OZBAY;USTBAS
INCI;ALANKAYA
AVSAR;ALTUNBASAK
CAGLAYAN;ASLIYUCE
TASKIRAN;AZGUN
YESILYURT;BARIM
CAVDAR;BINALI
OK;CELIKBAG
CALIK;CINAZ
AKAN;DIKENLI
SALMAN;DINGEC
ULKER;ELASLAN
OLGUN;ELIPEK
GENCER;EYCE
AKYILDIZ;HACAT
KUZU;HASEKI
KOCYIGIT;HAYIRLIOGLU
KURNAZ;KATKAT
TOK;KEKE
CANDAN;KUSSAN
OKTAY;MANDACIOGLU
KALAYCI;OZGOL
ARICI;SABAY
BASAR;TAMAM
TOPUZ;TEKINKAYA
FILIZ;UGUTEN
KIZILKAYA;YASARSOY
KACMAZ;YONDEMIR
KOCABAS;YUZUK
ULUDAG;BASTAR
TARHAN;BEDIROGLU
SENEL;BENIZ
UNVER;CANKIRI
ATIK;CILLER
DEMIRHAN;ELALTUNKARA
POYRAZ;ELTIMUR
OZDOGAN;GEDIKBAS
INAL;HABER
KARADEMIR;IBILOGLU
ZORLU;KACALIN
KORKUT;KACIK
TUNCEL;KARABUNAR
BILEN;KURTARICI
IRMAK;MICAN
CAVUS;MOLLAMEHMETOGLU
TOP;OVEN
KAYMAZ;OZTIMUR
TIRYAKI;OZTOPAL
OKUMUS;SEVINIS
TATAR;TASPUNAR
ZEYBEK;YORAN
TEKE;YUK
CIL;YUZLU
AKBABA;ARVIS
SEVEN;AYAZGOK
AKCAN;BADUROGLU
BERBER;BEZER
TASTAN;CAMTEPE
TEPE;CAZ
KOK;CORAL
SAGIR;CULFAZ
ATA;DAVULCUOGLU
DIKMEN;DIMEN
DUZGUN;DIZEN
PINAR;FIDANGUL
ULU;GAVAS
CIFCI;GOCEBE
BILIR;HAKBILIR
KARAKURT;HALIMOGLU
TOPALOGLU;ICIGEN
KIR;ILDEMIR
TERZI;KANTER
ATLI;KASNAK
BOZDAG;KIZILGOZ
SUBASI;KOMEKCI
KAYMAK;MAKUL
ALTAN;MANICI
YAYLA;SEVDA
METE;SIPKA
CANKAYA;SUNDUK
BOSTANCI;SUNEL
SOYSAL;TUNCALP
KAYNAK;YEKTAS
YORULMAZ;ANDIRIN
SOYLEMEZ;BOLEN
GUNDOGAN;ELA
ATAK;FIRIK
KARASU;GULERMAN
BALTA;GUMUSDERE
KIZIL;HULUR
BASER;KAMANLI
APAYDIN;KARAOGLANOGLU
KARADAS;KARAYAVUZ
OZALP;KIRMIZIOGLAN
ERGEN;MELER
GOKSU;OKSAY
BODUR;OZBAGCI
CETINER;SELCOK
SARIOGLU;TAPU
YAKUT;TUNCOZ
ERDAL;UREYIL
ASIK;AGCE
DEMIRKOL;AMASYALI
YENER;ARINCI
VATANSEVER;AYTA
BALABAN;BAGBOZAN
DILEK;BARK
OZTAS;BEKIK
TATLI;BICEK
CAKICI;BOLCAL
GOCER;BOZGOZ
YOLCU;CANVERDI
CEBECI;COSGUNER
KUL;COSKUNCA
CAY;DENIZKUSU
BARUT;DILBIRLIGI
ALDEMIR;EMIRHUSEYINOGLU
KIRAN;ERIZ
KOCER;EZIM
CESUR;GUNESOGLU
MERAL;KEPENC
ATASOY;KOKVER
AKKURT;ORHA
OZYURT;OTEGEN
YORUK;PENBE
SUMER;PUGAR
ATICI;SACIN
SAKAR;SOGUK
KANAT;TEKEMEN
GOKDEMIR;TERKIN
KURTULUS;TUS
TUFAN;YUREKTURK
BAYIR;AGACAN
KARAOGLU;AHMET
SERIN;ALTUNKANAT
KAHVECI;BAGISLAR
ISLER;CABALAR
OZGUL;CIBLAK
OZGUN;CIKMAN
DURU;CILELI
DERE;DAGDAGUL
DAGDELEN;DELEK
KOYUN;DIKAL
KAYHAN;ERBATUR
OZBEY;ERDIR
ADIYAMAN;EZICI
SAYAR;GEYVE
DERELI;HANILCI
ERTUGRUL;HOZER
ALAGOZ;IREK
BALKAN;KARADUT
AKARSU;MEDET
SAKA;MENSUR
BAYKAL;MUSTEKIN
EKIZ;OFKELI
BILICI;OZAKINCI
KUSCU;OZGUNAY
EKEN;PAC
KALE;SONCUL
TUNCAY;TOZLUYURT
ATAR;VERGI
ERASLAN;YETIZ
CALIS;YILGOR
ULAS;YUNT
BALTACI;ADIRBELLI
CANPOLAT;AGU
CABUK;BARSBAY
SATILMIS;DIGRAK
GULEN;ELEK
BEDIR;EVELEK
KASAP;GOCTU
YAZAR;GOKTUNA
BAHAR;IDGU
ERTEN;IPLIKCIOGLU
AKKOYUN;KARANI
COBANOGLU;KIDIS
SARITAS;KORUKLU
GUVENC;KOSEDAGI
BASAK;KUTUKLU
EKIN;POSUL
YARDIMCI;PULLUKCU
GOREN;SAKUR
ULUTAS;SERTTURK
ARABACI;SUMERTAS
ERSOZ;TANCAN
ALICI;TATLISOZ
MERIC;TUTAY
SEYHAN;UGDUL
ERBAS;UNALIR
YAGMUR;ALACAHAN
BAHADIR;ARSLANCAN
BARIS;BOZAGAC
YAPICI;CAVUNT
YURDAKUL;DALCIK
OZGEN;DAN
KIRAZ;DASTEMIR
BAYINDIR;DOLCEK
CAVUSOGLU;DURMA
SAN;EMLUK
COSAR;ERBOGAN
BOZDEMIR;GIRITLIOGLU
COSGUN;GOYCE
KURTOGLU;GUNBAS
CIVELEK;ILAL
TURKYILMAZ;ILGUZ
SAFAK;ILIKHAN
URAL;KARDAN
TOKGOZ;KOCAGIL
AL;KOCAKAFA
GOKALP;MUTLUBAS
AKALIN;OLCUCU
KARACAN;OZONUR
BENLI;PAMUKCUOGLU
CIHAN;SADOGLU
BUYUK;SARIKOCA
KABAK;SARIYILDIRIM
TUFEKCI;SATLIK
GURKAN;SELVILI
KAHYA;SUSUR
AYVAZ;YONTURK
YOLDAS;ZIYPAK
BOZAN;AKINAY
GORGULU;BAHCETEPE
EKSI;BEY
CAYIR;CAGDAVUL
TANRIKULU;CEVIR
YAGIZ;DASAR
BOSTAN;DENIZMEN
GURLER;DORAN
SELVI;ERBULUT
GOCMEN;FAZLI
TELLI;HANILCE
TEMUR;KABALAR
GULLU;KACMAZER
ARDIC;KARACUR
GULSEN;KEYSAN
ASAN;KOCULU
SISMAN;KUCUKBAYRAM
OZTEKIN;KUCUKYAVUZ
ERDEMIR;KUKRER
ONUR;MANDALI
AYKUT;MISTIK
OZKUL;NAIBOGLU
TOKER;NURKAN
ERTAN;OZKIRAN
ASKIN;OZYURTLU
SEZEN;SAYKILI
UYGUR;SEHIT
CANBAZ;SEPETCIOGLU
DEMIRKIRAN;SEZICI
BOYRAZ;TEKINSEN
TASDELEN;ULGUT
KABA;YAVASER
UGUZ;YENISOY
DURGUT;YURDAKAN
KUTUK;ZORKUN
ONAY;ALADA
UCAK;ALTINKUM
KAR;ATAKUR
ORS;BURGAC
KAYNAR;CANMAYA
KOSAR;CICEKDAGI
HAN;DAGUSTU
TUNCA;DEREBAG
COMERT;DURDABAK
KARAARSLAN;ERGOL
PAMUK;GORELI
KARAOGLAN;GOZELER
ONCEL;GUMRUK
DERIN;GUNVER
DEMIRAL;HARBUTOGLU
ERTEKIN;HORUZOGLU
KAN;KARABAKAL
ONCU;KARARTI
EMRE;KASOGLU
ALTAS;KATMAN
YURT;KUAS
DALGIC;MAMAS
BORA;MIS
ATILGAN;MUZIR
DURGUN;OKSUZER
CIN;OZSIMSEK
OREN;PALACI
GONUL;SAMSUN
ARAZ;SELBI
YANAR;SIVLIM
KILICASLAN;TALO
AKKAS;UNESI
TOKMAK;USUMUS
CANLI;VANCIN
CELEN;YALMANCI
KARABIYIK;YAYIKCI
CIRAK;YIVLI
GOKKAYA;ALKANLI
ERMIS;BALTAN
YILMAZER;BEGIT
MESE;BOZBUGA
SARICA;BUYUKYAVUZ
BEYAZ;CANKAR
GEYIK;COMEK
YERLIKAYA;DERBENT
BIRCAN;DISLIOGLU
KARAAGAC;GUVENEN
BERK;HARAC
KARABAS;HATIRNAZ
CAKIROGLU;KAIM
BASTURK;KARAORMAN
KEKLIK;KARGAOGLU
USTUNDAG;KINAL
VARDAR;KIRAK
DOGANAY;KOCACINAR
KAZAN;KUCUKEL
BATUR;KUMASOGLU
CAKAL;LORTOGLU
EMIR;OPAN
ATAMAN;OZKAPTAN
DEMIRAY;PASALIOGLU
UCAN;POCAN
MADEN;SAMURKAS
DEMIRCIOGLU;SARISALTIK
SOGUT;SULTANSU
PEKTAS;YETISKEN
ORNEK;YILDIZTEPE
YUKSEK;YOLASIGMAZ
AKKOC;YUCELI
AYAR;ALEVLI
ORAK;ARIKIZ
TURKAN;ASTAM
ERDOGDU;BAYRAKCIOGLU
SARIGUL;BAYRAMCI
CAPAR;BAYYURT
DINLER;BUYANKARA
KAYAR;BUYUKKAPLAN
YAKAR;CONKER
SUNGUR;DOGDAS
OZAY;GOVER
BEKAR;ILA
BIYIK;KACAL
KARDAS;KARADURAK
CEKIC;OLFAZ
DONER;ORTULU
TEK;PAMPAL
BAYDAR;SAKAROGLU
KAYGISIZ;SIBER
BIRINCI;TIGLIOGLU
KAPTAN;UKUS
ONAT;UY
UZ;ABANUZ
CAKAN;AKOT
KIVRAK;ASLANALP
AKSAKAL;BARITCI
DALKILIC;BASALAK
AKTAN;BIRCEK
SAYGILI;CEREZ
GURSES;COTAK
AVCU;DEMIREGEN
CATAL;EPLI
SOYDAN;EYINC
SURUCU;GALITEKIN
AGCA;KARAZ
KISA;KOM
BILGE;KURUBAL
YURTSEVEN;MAHIM
ILERI;NURTEN
ODABAS;SOYCICEK
CITAK;SOYUBELLI
TOY;TASLICA
BALIKCI;TUGSUZ
CALISIR;YASSIKAYA
DAYAN;YENICIRAK
ERBAY;AGASLAN
DEGER;AGTURK
BABACAN;ASLAKCI
OZAN;AZDER
OZLU;CIGLI
BAY;CIPLI
SANCAR;DASBAS
ALPASLAN;DEMIRSOZ
ALPTEKIN;ELALTUNTERIN
NAS;ELIEYI
GOL;GULASTI
FINDIK;KOKTAY
MACIT;KOLAN
ASCI;KUZKUN
AKYUREK;MENGUKAN
SAKARYA;OZCU
SAYAN;OZGENEL
BORAN;OZKALAYCI
SOZEN;SABANCIOGLU
NARIN;SARBAN
OGUT;SINCI
BINICI;SONMEZOCAK
AYTAC;TOREMEN
UZUNOGLU;UDUN
KURSUN;UYDAS
KAYGUSUZ;UZUNKAVAK
DAS;VERIMLI
TEKER;YAMANEL
ECE;YURDABAKAN
ALTINOK;AHISKA
KONUK;AKTER
DULGER;BALCANCI
ELCI;BASEKIN
KOMURCU;BILECIK
ODABASI;CAKATAY
ALPER;CELT
BOZDOGAN;CEMBERCI
KOCAOGLU;ENEC
KULA;GOZEY
MURAT;GOZPINAR
KALENDER;GURBUZOGLU
KAYAN;ILDAS
KOCABIYIK;ISYAPAN
KOZAN;KAMAS
ARDA;KANA
HACIOGLU;KAPKINER
GUNAL;KARATASTAN
SARGIN;KAYGI
HATIPOGLU;KEKECOGLU
TEKELI;KIZILTAY
DEMIRKAYA;KOROL
EVREN;KUCUKOZ
DAMAR;OKUTUR
TORAMAN;OZADA
DURDU;PAS
ATAC;PERVAN
OZHAN;SAGAN
YETIM;SARIMESE
BALLI;SAVGA
KILICARSLAN;SENBAHAR
IBIS;SUL
ACIK;TASGIT
YARAR;TAYSUN
KIRAC;ZARIF
KARAYEL;ZENCIRLI
KABAKCI;ACARBAS
TUTAR;ACIELMA
AKBAY;AKISKA
BILGILI;ALADAGLI
BAYKARA;ALPKAN
MUSLU;ANDINC
SUCU;BALKANLIOGLU
GOKCEN;BIRAY
KAHRIMAN;CANBEYLI
ERIS;CITE
ABAY;DINIZ
SEMIZ;ERDOG
YAZGAN;EROGLAN
KARAPINAR;FENERCIOGLU
BILGI;GOZLUKLU
BOZKUS;HAZIRCI
AYDOGMUS;KAMISOGLU
EKMEKCI;KESIR
TANIS;KORKMAZYUREK
YASA;KUYUBASI
YETER;ONGU
AKDAS;OTGUN
SECKIN;OZATALAY
KIZILTAS;OZTURHAN
SANCAK;PALO
VARLI;REKA
ULGER;SENDUL
GEZGIN;SENKAN
OKCU;SIRIK
TUZUN;TOZCU
KECECI;TURKSEN
OZKURT;ULASKIN
SERBEST;UNSOY
OZAYDIN;AKDUGAN
NAZLI;BILIC
GONEN;BOZBAYIR
NALBANT;CAMDEVIREN
SASMAZ;CIHANER
ERTEM;ENSER
GURCAN;ERBIR
OZKARA;ERNEZ
TASPINAR;ESATOGLU
COLAKOGLU;GENCO
SAK;GUGUL
NERGIZ;GUNBATI
SIVRI;ICOGLU
DEMIRKAN;ISIKVEREN
BAKAN;KAMAT
YETKIN;KERDIGE
KIRMIZI;KUNCU
KALAY;KUSTUL
SENGUN;MASALCI
ALPARSLAN;OGUZER
CETINTAS;OMRAK
SAGDIC;OZILHAN
KAYALI;OZORAL
SAHBAZ;OZPELIT
YURTSEVER;PITIR
KARATEPE;TAHTALIOGLU
BILGEN;TEKINSOY
TURE;TELEF
BAKAR;YAKTI
KIYAK;YALOVA
ARICAN;YUNAK
BIYIKLI;YURUTEN
BOZTEPE;ABDAL
BAKIRCI;AKBAK
YALDIZ;ALSAT
CANTURK;ARSLANBUGA
DURNA;ATASU
BAYHAN;BOZKOC
AKTEPE;CANIKLIOGLU
EGE;CEBISLI
YENI;CILKAYA
KACAN;DESTE
GUNEL;ECIN
KALYONCU;FILCAN
CECEN;FIRTIN
INANC;GULDAN
DEMIRER;GULEP
KARATAY;HELVALI
BALIK;IDIK
SEKERCI;INCIRLI
DANACI;KALLECI
BATMAZ;KAYMA
GULERYUZ;KESMAN
ASAR;MAVRUK
KOCOGLU;OLCU
ONEN;OYAL
DOGU;PENCE
DIKICI;SABIT
GEZICI;SARIAHMETOGLU
DASDEMIR;SESKIR
ALTUNDAG;TALIPOGLU
KOR;TARDU
ORMAN;TARGAY
ERSAN;TOPACOGLU
BASKAYA;TUNK
YEL;YANCAR
SAVRAN;AKBINAR
OZDIL;BENCIK
ESMER;BIKEC
KIBAR;CAPTUG
OGUR;CIKRIKCIOGLU
TAYLAN;DENKER
ERDINC;DONMUS
ALTIPARMAK;GOKSUGUZEL
BICAKCI;GUCUYETER
TABAK;KACIN
ALTUNBAS;KARABOYA
SAY;KAYATEKIN
ARMAGAN;KOKBUDAK
SAKALLI;ONERBAY
BAKI;OZKENT
KARSLI;OZKOYLU
AKBIYIK;OZPEHLIVAN
KARANFIL;PAKDIL
ALADAG;SAHINTAS
KOYLU;SERTGOZ
SAYGI;SORHAN
CULHA;TASAL
MENTES;TOMUR
SARACOGLU;TURAP
KESGIN;UKE
DAGDEVIREN;UNEK
YARDIM;UYUG
DURUKAN;YAMUC
AKBAL;YAVUKLU
AKA;YILTAS
TOPTAS;ALYU
ISCAN;ASLITURK
TEZEL;BASILGAN
AKKAN;BATO
YAPRAK;BUDANUR
SERTKAYA;CABIROGLU
ZEREN;CATIR
TUTUNCU;DONDURAN
DALKIRAN;GOLGECI
AYKAC;GOZUPEK
SEVIMLI;GULDANE
SAHINER;INEC
ALGUL;KAMAC
MALKOC;KARTOPU
BASKAN;KERA
BASOGLU;KERTIK
KAYABASI;MUSLUBAS
ARAT;SAHINDURAN
PISKIN;SAKLAK
KAYIKCI;SIKOGLU
KARAKOYUN;TUGLA
UNER;TURGUTLU
ESKI;TURKKOLU
OZDAMAR;UCARLI
CAYLAK;ZOHRE
ALACA;ABRA
ILTER;ATMALI
CINGOZ;AYOZ
LEVENT;BATIGUN
ARPACI;BOLELLI
KARCI;DEVIR
CANER;DUMANLAR
TALAY;DUZDEMIR
BOYACI;ELLIKCI
GULCAN;ERDIS
ALEMDAR;ERISGEN
CANBOLAT;GONES
ELIBOL;IGNAK
BACAK;KAYMAKOGLU
DEMIROZ;KOBAN
OKAN;KUCUKAL
AYAS;OZALKAN
MERMER;OZTUTUNCU
COPUR;OZUSLU
ADALI;SARACLAR
ALKIS;SEHER
ERKEK;SEYMENOGLU
SOZER;SILAHLI
SEVINDIK;TEPETAM
KOTAN;YIGITCAN
BALI;AD
GOKTEPE;AKKIS
KADIOGLU;AVLAMAZ
AYDINLI;AYAK
TUMER;AYBAT
TIMUR;AZAT
KAZANCI;BABRAK
SENSOY;BAGCILAR
DANIS;BALBAL
OLCAY;BASUSTA
ALTINISIK;CANTALI
TAMER;CELEK
ALTINDAG;CIBA
DEMIROGLU;GUNSUR
ERDOGMUS;ISIKGOZ
CAMCI;KACER
GARIP;KACKIN
UZUM;KARSAVRAN
ORDU;KAZMAZ
KAYACAN;KELKIT
UZEL;KESAT
ISLEK;KIRKIT
BAYAZIT;KIYMETLI
BASPINAR;KORALAY
BAG;MULLAOGLU
ERYIGIT;OZVURAL
ISCI;TELTIK
OKAY;TIMUROGLU
SOYLER;TUDES
DEDEOGLU;UKAN
BATTAL;YANTIR
OZASLAN;ADAKAN
KABADAYI;ALIYAZICIOGLU
KESICI;ANILMIS
DEMIRBILEK;BAKA
HAZAR;BALO
ERBIL;BASTIK
TUYSUZ;CAMURDAS
TANER;CANOZU
TASAR;CICE
GOKGOZ;CIGRI
ZOR;CIHAT
SEVIK;DOLMAZ
ERARSLAN;GERCIK
KOCATURK;ILIKLI
BOLUKBASI;ILMEN
ULUS;IMEN
ALGAN;ITMIS
SAGLIK;KALECIK
GUNERI;KARACIMEN
MEYDAN;RODOP
SUTCU;SELAMOGLU
GUC;SIRAN
HELVACI;TEPECI
ARSLANTAS;TERKESLI
UZUNER;USAN
BUTUN;YEDIER
ULKU;YESILPINAR
LACIN;YUKSEKOL
KONAK;AKDANA
BOGA;ALCELIK
KARABOGA;ALTIYAPRAK
NACAR;AMASYA
KURAL;APAY
YURUK;AYAZLI
ABACI;BAYIROGLU
SEMERCI;BEGGI
TUGRUL;BIBERCI
CELIKER;BITERGE
KURBAN;BOZTEMUR
ALPAY;BOZUKLUHAN
HANCER;CAKIRSOY
CERAN;CANBAL
KOL;CIKIN
TILKI;DEREBAS
OKTEM;DONMEZOGLU
SOKMEN;GETIREN
UYAN;GUNSOY
OZYUREK;IFLAZOGLU
KARAN;IPIN
ACUN;KAPLANSEREN
CIGDEM;KUBAY
ADA;KUNC
KAYIS;MAMIK
BAYRAMOGLU;MAR
AKTAY;MAVIOGLU
KANTAR;MERICLI
CELIKEL;MIYANYEDI
DUYAR;NUREL
GUDER;ORT
ORAN;OTLUOGLU
SARIBAS;PEKSAK
TERZIOGLU;SALDIR
KART;SURUM
ATAN;TAPSIZ
GURER;TULUMBACI
KUPELI;TUYAN
KIRCA;YESILADA
DELIBAS;YILDIRIMCI
CAL;ARSLANDAG
BASKURT;ARSLANTEKIN
BOZTAS;BEKSEN
BOZKAYA;BIGEC
GURDAL;BILGER
ALTUG;BOZTEKIN
ILGIN;CAMUS
ALTINSOY;CAVAK
ASLANTAS;CIRAG
CANSIZ;COKTAN
KARABAG;DELIKURT
KOKEN;DEMIRBACAK
CAKMAKCI;ENGEZ
AGIRMAN;ERAKMAN
GECER;ERDURMUS
TOPCUOGLU;INGENC
BAYAT;KARAYAZ
SENCAN;KAZLI
OKTEN;KIZAN
DUZ;KOYUNCULAR
KASIKCI;KUBAL
AYIK;KUCUKDEMIRCI
DASTAN;KUYUCUOGLU
TURAL;MASALI
YILDIZHAN;OZAYYILDIZ
AYCICEK;OZBEKTAS
DAGCI;PARA
KARAKOSE;SAMAK
GOKTURK;SARIM
YALMAN;SOYMAN
BICAK;TARSUSLU
AFSAR;AKCAOZ
SAYDAM;ALTUNORDU
OFLAZ;AYDINTEPE
UN;BASTAK
YESILDAG;CALTEKIN
KIRIS;CAYDAS
SAVCI;ENE
SEYMEN;FICI
UZER;HOLOGLU
BABAYIGIT;ILYA
PAK;INANICI
NAR;KABRAN
TUNALI;KISBET
KIZILAY;KOCAIRI
GORMEZ;KONAT
AKYEL;NALCIOGLU
YETIS;OZELER
TASAN;SAYKIN
TARAKCI;SOKUR
AGAR;TAVLAR
CELENK;TOPKAC
ULGEN;UCANER
CELEP;ULKAR
CEBI;YALAZA
SEKMEN;YUZUGULLU
DORUK;AKDEMIRCI
KARACAM;AKSEHIR
ALKAYA;ALAKUSTEKIN
GEMICI;APALAK
KAVAS;AVLUKLU
IZGI;AYBULUT
OKYAY;AZAKLIOGLU
SEL;BALAL
OZYILMAZ;BEKKAYA
ERIM;BOZHUYUK
IZCI;CIFLIKLI
MUMCU;CIVKIN
ESIN;DIKBASAN
ISIKLI;EROGUZ
DILER;GOZUKIZIL
YERLI;GULCEN
AKSIT;GUZELKUCUK
IKIZ;HOKEREK
CIPLAK;ITAK
YURTTAS;KALDAN
BULDUK;KALEBASI
YENIGUN;KALKANOGLU
GOKER;KARAOGUZ
SUER;KAVUSAN
CIVAN;KAYIP
MENEKSE;KESEK
GORGUN;KOCAKIR
KULAKSIZ;KOKLUKAYA
KATIRCI;KOTUZ
TEKDEMIR;KUCUKGOZ
KARALI;KUCUKOZER
SIK;KUDUBAN
DUZENLI;KURCAK
SONGUR;KURNALI
GENCOGLU;OZCANOGLU
ERKEN;OZNAR
KIRIK;OZULU
MIZRAK;OZYAPI
KIZMAZ;SEKMENOGLU
KARADAYI;SEVCAN
ATABEY;SULMAZ
ALTINBAS;TIPIRDAMAZ
BASOL;TOPCUBASI
OZARSLAN;TORAL
YALIN;TOYKAR
SAYGIN;TURKGENC
KANBUR;YEDIYILDIZ
CERIT;YERTUM
BABUR;AKGUNER
GULHAN;AKLAR
SURER;AZAN
KENAR;BEKERECI
BOZOGLU;BEYLIK
YAZICIOGLU;BITGIN
BAHCECI;CAYLIOGLU
OZATA;CEVIRICI
BAYRAKDAR;GUNASTI
PULAT;HATA
Kas.04;KARACAGIL
SATIR;KUCUKONDER
SERDAR;KUZUGUDEN
DIKER;MARIM
SUNA;MERDE
BARDAKCI;MIRAL
OKMEN;NAKIPOGLU
AKCAKAYA;SIRELI
ONGUN;TABAKLAR
GIDER;TETIKER
KUZUCU;TOKAL
ALTINAY;TOPRAKOGLU
SURMELI;UZUNCAN
DELI;ALTUNOVA
HARMAN;ANDI
AKGOZ;ASILIOGLU
BALOGLU;AYDOGANOGLU
ARISOY;AYKILIC
ELMA;BATUS
HAYTA;BAYTIMUR
SAG;BOLATLI
ERKOC;COSKUNCAY
BEYHAN;CUFADAR
BERBEROGLU;DOLASAN
ACER;DUGENCI
ONEL;DUMANLIDAG
TURKEL;EBCIM
ATIS;ETLIK
BEKCI;EYRICE
CALI;GARGIN
SIPAHI;GOKCEER
BASTUG;GUNOGLU
ARLI;INCELI
ZEYREK;ISPIROGLU
URUN;KAKI
AKDUMAN;KESMECI
TURGAY;KUCUKAKYUZ
KAPAN;MACAROGLU
KARPUZ;MAMUS
DURAL;NARI
SAPMAZ;OKSUZLER
SEVGI;OZARAZ
GOZEL;OZINAL
ICOZ;OZSAVRAN
ULUCAY;SAKCAK
KOCAKAYA;SECIL
TOKLU;SIRKECIOGLU
KARADOGAN;ULUKOYLU
YUREKLI;YAZIK
DINDAR;BAHCALI
BILMEZ;BILBEY
YESILKAYA;BUCUK
SEYREK;BUYUKLU
AYDENIZ;CUBAN
AYGUL;DASDOGEN
YAMAC;DEKE
AKILLI;ERSANLI
ATASEVER;ERSEVEN
SAKIN;GEDEK
IMAMOGLU;GUZELGUL
ATABAY;HUKUMDAR
ATASEVEN;IMECI
KARAGOL;KARAOVA
BAYRAKCI;KECIK
YUMUSAK;KESENCI
KARAYIGIT;KOCADERE
KIRLI;KOCBIYIK
BOZKIR;KOLIP
OZEK;MARUL
KUCUKOGLU;MENIZ
ARTAN;MERDIVAN
KOZ;OTUK
EZER;OZATAY
USTAOGLU;SAHINDOKUYUCU
SALTIK;SOYALAN
RUZGAR;SOYOGLU
SOYTURK;TATLILIOGLU
OZBAS;TERCUMAN
YILDIRAN;YILDIRIMLI
TIRAS;YOLSAL
GOKCEK;AGIRDAS
KUMRU;AKBAYRAM
ERKMEN;ARSLANPARCASI
AYTEN;ASLANDAS
LALE;ATESSACAN
TOKTAS;BABAR
CATAK;BASARGAN
ERKUL;BEKKI
BAYLAN;BULUNDU
DIREK;CIMCIK
SAHINOGLU;CIPIL
KUYUCU;EGREK
KOKCU;ELBEYI
KALIN;ESOL
YAPAR;GORKAN
GEZEN;GORNU
KOKLU;HAL
BABA;HARTAMACI
SUNAR;KARAKOLLU
TOKAT;KARAYANIZ
YEGIN;KARAYUN
UZUMCU;KIDAK
KASAPOGLU;KILICAL
KIRBAS;KIRVAR
TOPLU;KIVIK
EREL;KOLYIGIT
GORUR;KUROGLU
DEMIRBAG;NALLI
OZTOPRAK;OZUSTA
CEBE;SAIM
KORUCU;SANDIKLI
ERSIN;SARIDAYI
AGIR;SENGER
ALTUNAY;SIBIL
BAYER;TANTAN
HOCAOGLU;TOTA
PAKSOY;TUTGAC
KEKEC;UNUBOL
KAYAALP;UZMA
TOPBAS;VARKAL
CILINGIR;YELIS
BARUTCU;ALDIKACTI
DUMLU;ALTINSU
KESEN;ATASOGLU
Ara.52;BADEMOGLU
ACET;BAKISKAN
TEKTAS;BASCIFTCI
AFACAN;BIKE
OZKOK;BOLUT
AKSAN;CABUKER
KAYMAKCI;CANLAR
BALCIOGLU;COLMEKCI
GOKHAN;DAI
AGAC;DURAS
GENCTURK;ELLIALTIOGLU
KOLCU;ERDOGRUL
EKE;EROZKAN
KARAKUZU;GORENER
AKER;GURAGAC
OKUTAN;ISBECER
CANDEMIR;KANTEMUR
ACIKEL;KARAHANCER
CURA;KAYISKIRAN
KALAFAT;KOKALP
SELEK;KOYULMUS
URKMEZ;KUSCA
KIZILDAG;PABUCCU
KABLAN;PAKOZ
CAMUR;SANALAN
HALICI;SAVI
ERCIN;TURGA
MARANGOZ;UZUNDEMIR
SUSLU;YUCEDAL
KOLAY;ZABUNOGLU
KIZILIRMAK;AGKOC
NAMLI;APACIK
PEKDEMIR;AYLI
KUYUMCU;BASSARI
TARIM;BASTIMAR
BOLUKBAS;BAYUTMUS
SAMUR;BELGI
DOLEK;BEYRIBEY
GURGEN;BISEN
KAPUCU;BOZBAG
OGUL;BOZTIMUR
HANCI;BUZKURT
KOMUR;CILSAL
DUR;COREKCIOGLU
KARAER;DAMLAR
DAYI;DIKMETAS
TURKOZ;DIVAN
ESKICI;ESGUN
ALTINKAYA;HACIFETTAHOGLU
SARIHAN;ILBEGI
KARABAY;ILDIRAR
BADEM;KARIKSIZ
PALABIYIK;KASALAK
TURNA;KATMERLIKAYA
KARLI;KUMOVA
ADAK;MALA
CUBUKCU;NOYIN
GONULTAS;OTACI
GULSOY;OZCANAN
BALKAYA;OZDERYA
BOLUK;SOLUM
CAPAN;TAPINC
MANAV;TAZEFIDAN
ULUG;TEBERIK
UNALAN;TUTLU
ELMACI;UCES
KARAGUL;UKUNC
SABANCI;ULGEY
AKMESE;UZBAS
CAYLI;YAGIZOGLU
BAZ;YAMAKOGLU
CENGEL;YAZAROGLU
YENILMEZ;ZEYNEL
MARAL;ALAKAYA
KAHYAOGLU;ALPFIDAN
SAGIROGLU;ARGUNDOGAN
AYTAS;ATAIBIS
ODEMIS;BOZKAPLAN
VAR;CARI
ERMAN;CARLI
URHAN;CIVIK
EMIROGLU;DOKEL
TASTEKIN;DURAKLI
GURPINAR;EMIRHAN
CUBUK;ERDENK
TERCAN;GOBUL
BICEN;HALATCI
EVCI;IGAN
DUYMAZ;KAKAC
HARMANCI;KALTAR
GUVERCIN;KARACOMAK
ORTAC;KILICKAP
CEVIZ;KIRKICI
YALVAC;KOCAKOSE
ARKAN;KOSESOY
TURKKAN;KUTLUGUN
SANAL;OZASIK
KULAK;OZOL
SOYKAN;PEKPAK
BIROL;PESIN
KAZAK;SIYAHKOC
OLCER;SORHUN
KAVAKLI;SULUOGLU
ISKENDER;UYGAR
KINIK;UZELLI
AKBALIK;VARKAN
DEMIROK;VAYIC
GURLEK;YAT
KALELI;YUM
BAYDEMIR;ARSLANYUREK
CANKURT;BADAN
CIRIT;BENZES
KOSEM;BIYIKSIZ
ELMALI;COKELEZ
SUNBUL;DIKDERE
ARAC;GARGILI
ARGUN;GILDIR
KARGIN;HAZIRBULAN
KILICOGLU;KARABOSTAN
KAYAOGLU;OZGULEC
PELIT;OZKANAT
BINGUL;OZKE
HAMARAT;PEKCOK
ILIK;SAIR
OZENC;SENALP
CURUK;TELLAL
GERCEK;UNAR
TOKSOZ;UZUNCAM
ERKAL;ZENKIN
KALEM;ALTUNDEMIR
YAYLACI;ARTAM
AYATA;ASLAMACI
CERI;ASLANKARA
DANISMAN;BAGA
KABASAKAL;BALCA
ERKUS;BASCAN
GEDIKLI;BULAM
KINALI;DELIVELI
KURTULMUS;DEVECILER
TURKAY;EROLAN
GOC;ERSEVER
AYKAN;FISEKCI
AVCIOGLU;GERAY
KARAYILAN;GOKBERK
KUNT;GOKTAY
DEMIREZEN;KIRENLI
SUZEN;KIYILI
OZLER;KOKAL
UTKU;KUCUKOKSUZ
BURAK;KUSKUN
GOZUTOK;MEHEL
CIRIK;MURATDAGI
SATICI;OZBEKLI
TOKAY;OZSOLAK
ANDIC;OZTUNALI
TOKSOY;PALAVAR
ONCUL;PEDIZ
ALATAS;SANSLI
EMEN;SENPINAR
AYTAR;SERTKAN
TUTAL;SESIZ
GURSEL;TILBAC
KARATEKE;TURMAZ
TURUNC;TUTUG
EKMEN;AKAK
YIKILMAZ;ALYAR
GOKSEL;ALYURT
HOROZ;ARINMIS
ERBEK;BAKTIMUR
ANIK;BAZMAN
AYBAR;BOZYILAN
BELEN;BUYUKDOGAN
SANDIKCI;CITTIR
SABUNCU;DALASLAN
SARIYILDIZ;DEMIRATA
ATILA;DEMIRLENK
DIRIK;DOKUZLU
KINAY;DORTER
YAHSI;EBRET
ABA;EMANETOGLU
DOLU;ERCEN
CILOGLU;EZGU
CAGLI;GEN
ERDIL;GULBITTI
BARLAS;GULEKEN
CAKIN;HARC
ERTUNC;HASBAY
DILSIZ;HIZIROGLU
GUMUSTAS;HUSEM
YETGIN;KAPAKLIKAYA
ILGAZ;MERTEK
KURUM;SABANLI
BEKDEMIR;SAKRU
BAYKAN;SALTIKALP
KOPARAN;UZMEN
SOY;YAMUK
SERCE;AKBOYUN
KAMIS;AKCIMEN
DAGTEKIN;ALTINCEKIC
TOKDEMIR;ALTUNBILEK
BASCI;ASYA
AKCAM;BALSEVEN
ARSLANOGLU;BOCEKCI
INCEOGLU;CAMUKA
OZPINAR;CANAYAZ
PERCIN;CEKCEN
YAGLI;CETINASLAN
CAGAN;COTELI
KANAR;EBIRI
KARAGULLE;ERKEKOGLU
KANIK;ESERLI
ERKOL;FERMAN
GULAY;GUNKAN
KUCUKKAYA;HALIM
APAK;KALLE
TUR;KARATOPAK
BULAT;KASTAS
DELEN;KESKINLER
OLGAC;KORDEVE
CAPKIN;MINKARA
TOPKAYA;OZCIL
DAVULCU;REYHANOGLU
BUCAK;SALAMCI
SARUHAN;TOROSLU
TURKMENOGLU;TOZMAN
UNCU;YANGINCI
CERCI;AGYOL
LAFCI;AKBILEK
MERSIN;AKYOKUS
PARMAKSIZ;BABAARSLAN
KARACAY;BEZIR
TANDOGAN;BINBAY
YUCEDAG;BUYUKDEVECI
DOGDU;BUYUKTUNA
KARALAR;CARIKCIOGLU
BURAN;CELBIS
ERCETIN;CIMRIN
MAZLUM;DASKAYA
ISBILIR;DERECIK
AKHAN;DESTEBASI
YAMAK;GASPAK
TASKAN;GELGOR
ASKAR;GOLEN
SAHINKAYA;GOZGU
CUKUR;GUHER
OYMAK;GUK
BILDIK;GURBET
ALAKUS;IBRIKCI
ICEN;ILMAZ
DILBER;ISCANLI
VARLIK;KARAOLUK
DEGERLI;KIRIKKAYA
EKIM;KIRK
KAYACI;MUKAN
BOR;ONCEBE
SUNGU;OZUGURLU
ISLEYEN;PALAMUTCU
EDIS;SAHINTEKIN
CAYMAZ;SALTALI
VURGUN;SERTCAN
ARSLANTURK;TACER
ALTUNKAYNAK;TESKI
TEKBAS;TONBAK
PINARBASI;TUZA
ALAY;VICDAN
KARGI;YUZGUL
KIRICI;AKTOSUN
ONAR;ALPI
SECGIN;ARSAKAY
CAMLI;AYDINKAYA
HAS;BANK
AYRANCI;BENLICE
GUNGORDU;BUYUKGOZ
ISPIR;BUYUKTERZI
MENTESE;CILENK
COMAK;CINGIZ
GORMUS;COKGEZEN
SARAL;DALKARA
SIMSIR;DANISIK
SUZER;DASKESEN
AKAGUNDUZ;DAVUL
ALVER;DORTTEPE
PARLAR;EGEN
SENSES;ELBISTANLI
SARICICEK;FEYIZ
TUZCU;FICICIOGLU
GULTEPE;GOLTAS
OZTUNC;GUMUSOK
SERTTAS;HAPPANI
KOCHAN;HOYRAZ
US;HUSEYIN
GOZ;ISBAKAN
CUHADAR;KALDIRIMCI
CANDIR;KARABOGAZ
OZPOLAT;KOLELI
YENICE;KULLUKCU
CAGATAY;KUNTAS
ORDEK;KUSBECI
AYCAN;MAYIL
BICICI;MENGEN
OTER;NAYKI
ANIL;OGRUK
SEVIL;OZDEGER
AKIL;OZMERIC
PALTA;OZYAY
ELBIR;PALAVAN
OMUR;PANCAROGLU
KIVANC;SAHA
Kaia;Rios
Hanna;Rodriguez
Sheridan;Barnard
Imaan;Reese
Samirah;Ford
Zayan;Barrow
Nellie;Frazier
Skylar;Le
Colette;Sanderson
Tegan;Timms
Aurora;Barton
Freddy;Armitage
Nafisa;Noel
Kajetan;Santos
Chardonnay;Villanueva
Julie;Bowman
Dean;Pickett
Jess;Wilkerson
Leopold;Daniel
Gavin;Oakley
Uma;Gough
Wil;Felix
Kasey;Cousins
Shanice;Pena
Dixie;Moore
Issac;Gamble
Amelia-Lily;Howells
Mercedes;Parsons
Zara;Day
Adele;Lees
Mariya;Lozano
Adela;Lam
Trevor;Marsden
Hayleigh;Mack
Anjali;Alford
Shelly;Sumner
Princess;Phan
Adriana;Britt
Darcey;Wall
Faheem;Marks
Rupert;Durham
Anthony;Alvarado
Marian;Crosby
Lainey;Brooks
Roxanne;Searle
Emmie;Humphreys
Jill;Hernandez
Myla;Hope
Jennie;Bridges
Ivy-Rose;Simons
Vicky;Munro
Sean;Long
Billie;Liu
Shauna;Waters
June;Curran
Colleen;Rowe
Betty;Brady
Riley-Jay;Almond
Marcia;Ahmad
Abdurahman;Dowling
Darrell;Yu
Sara;Holmes
Matthias;Flowers
Kurt;Lawrence
Gabriella;Foreman
Montgomery;Pearce
Kitty;Rogers
Marcie;Owen
Bethan;Lyon
Aisling;Cartwright
Anna-Marie;Kramer
Honor;House
Mikey;Bautista
Everett;Holt
Ivor;Richard
Demi-Leigh;Vincent
Herbert;Higgins
Michelle;Khan
Keely;Clements
Shanon;Samuels
Izabella;Bonilla
Maggie;Massey
Neive;Ho
David;Mckay
Kylan;Crawford
Eilidh;Kane
Jamie-Lee;Montgomery
Lorcan;Woodard
Romy;Brady
Ayla;Haas
Mathias;Hampton
Vivienne;Bowman
Maheen;Carney
Faith;Hardy
Devin;House
Grady;Stephens
Chiara;Park
Sidra;Eastwood
Mario;Nicholson
Kendall;Langley
Kornelia;Tillman
Camden;Levy
Lulu;Keeling
Kris;Cobb
Britany;Greenwood
Keith;Horner
Bushra;Arellano
Chad;Jones
Mayson;Grimes
Kobe;Ibarra
Ellis;Church
Antoni;Prince
Alasdair;Roman
Ellisha;Wilson
Amalia;Fitzpatrick
Elisa;Cochran
Lubna;Mellor
Gracie-Mae;Richmond
Haiden;Bird
Shakira;Taylor
Eleri;Stanley
Annie;Steele
Amara;Simons
Brayden;Rayner
Orlaith;Knott
Joely;Bassett
Abdallah;Dotson
Beverley;Vaughn
Akeel;Farley
Tea;Jefferson
Colton;Burgess
Francesca;Swift
Ignacy;Duffy
Arnas;Almond
Khadeeja;Suarez
Celyn;Morgan
Harlan;Case
Tyrone;Huffman
Kelise;Marsden
Elaina;Holloway
Devon;Ahmad
Christos;Mccormack
Ebony;Deacon
Nakita;Dunlap
Jesse;Donnelly
Cain;Hardin
Skyla;Leal
Amelia-Mae;Hoover
Delores;Cantu
Tomas;Stott
Anis;Adkins
Teigan;Dickerson
Samah;Mcintosh
Joan;Bautista
Ayman;Mohamed
Harri;Jacobs
Emmett;Calhoun
Cillian;Dillon
Zayyan;Craft
Siraj;Childs
Jack;Wallace
Faizan;Robertson
Maddison;Estrada
Taliyah;Kinney
Keir;Melendez
Skye;Moss
Jeanette;May
Jarod;Daly
Albi;Greene
Luna;Lake
Destiny;Byers
Jaime;Mccallum
Steffan;Guerrero
Katharine;Parry
Kymani;Hernandez
Rebeca;Broughton
Kamil;Sullivan
Samir;Goff
Alice;Kavanagh
Pixie;Hebert
Tia;Francis
Hadi;Jones
Gianluca;Bradshaw
Jarred;Nolan
Iosif;Noel
Saara;Henry
Vikki;Clements
Ronnie;Baxter
Shanay;Broadhurst
Aamna;Adkins
Anne-Marie;Bull
Lachlan;Short
Amaya;Haley
Shea;Carty
Blossom;Shelton
Reis;Santos
Jeanette;Baker
Favour;Bryant
Courteney;Molina
Zuzanna;Allman
Elina;Yu
Adelle;Marquez
Zakk;Driscoll
Alfie-James;Markham
Corrie;Lister
Siddharth;Serrano
Alessia;Mcdonnell
Adrienne;House
Hugh;Escobar
Skylar;Lott
Lillie-Mai;Rudd
Cassia;Callahan
Kairon;Robles
Johnny;Frazier
Connar;Daugherty
Harper;Haas
Ashlie;Barnes
Billie;Arnold
Claire;Church
Shelbie;Edmonds
Wilfred;Carrillo
Jazmin;Butler
Seren;Morgan
Amayah;Sargent
Clifford;Davison
Alice;Velazquez
Summer-Louise;Davila
Braydon;Naylor
Gabriele;Garrison
Yousuf;Woodley
Petra;Meyer
Jamal;Knott
Kylan;Elliott
Lenny;Rutledge
Jardel;Werner
Lydia;Bassett
Artur;Simmons
Erika;Robinson
Simona;Ballard
Aurora;Meza
Romilly;Bruce
Ammaarah;Fischer
June;Ryan
Filip;Greenwood
Alesha;Hope
Cillian;Holman
Ibrar;Malone
Kornelia;Wilcox
Ralph;Cisneros
Yvie;Zimmerman
Amelie;Mcfadden
Usmaan;Boyer
Francesco;Reese
Esmay;York
Joshua;Espinoza
Charlene;Sheldon
Sulayman;Foley
Elsie;Nieves
Rayaan;Blevins
Chandler;Obrien
Danica;Blackwell
Shauna;Robins
Robyn;Mcclain
Gracie-Mae;Thatcher
Aadil;Pittman
Anwar;Zavala
Zahid;William
Angelina;Grant
Ashleigh;Paul
Dennis;Delaney
Juliette;Haworth
Aasiyah;Farrington
Anees;Abbott
Leonidas;Shepherd
Iqrah;Thorne
Vicki;Brook
Leela;Levine
Fahmida;Molloy
Margie;Dale
Sharmin;Cousins
Maisie;Mcknight
Hilda;Nieves
Ivie;Paterson
Tyla;Terry
Alexandros;Chambers
Kiran;Quinn
Hadley;Carty
Betty;Odling
Nolan;Kelley
Archibald;Church
Izaak;Hardy
Abbie;French
Elissa;Fisher
Alaw;Roth
Lowri;Rasmussen
Samad;Chen
Kaeden;Burn
Aria;Hoffman
Freddie;Guevara
Rukhsar;Holman
Yusef;Allison
Ishika;Lim
Keon;Tierney
Sahib;Little
Leanna;Merrill
Otis;Houston
Eric;Strickland
Harris;Walter
Lleyton;Hayward
Adele;Bloggs
Kaylee;Mathis
Irving;Hogan
Becky;Roy
June;Dupont
Giacomo;Leonard
Imogen;Blackwell
Myles;Whitmore
Jawad;Everett
Chad;Watson
Aleyna;Harrington
Aston;Sanchez
Traci;Farmer
Izaan;Burris
Caden;Wicks
Delilah;Keeling
Skyla;Simmonds
Shakeel;Andrew
Jacqueline;Hampton
Milena;Obrien
Baxter;Huerta
Alyx;Glover
Denise;Ortega
Jon-Paul;Koch
Coby;Green
Ben;Clegg
Rudy;Gill
Ariyan;Hopkins
Eve;Salas
Mike;Rutledge
Roscoe;Gentry
Siena;Winter
Iris;Clay
Anaya;Harding
Lindsay;Sears
Corrina;Fitzgerald
Haya;Garrett
Bill;Walker
Sophie;Jordan
Ami;Christie
Ian;Simmons
Bailey;Farley
Nusaybah;Petty
Dev;Jarvis
Lily-Mai;Xiong
Idris;Davis
Jayden-Lee;Hines
Wyatt;Montoya
Aaliyah;Moyer
Anaiya;Hutchings
Kamil;Spence
Paolo;Wagstaff
Khadeejah;Chamberlain
Darcey;Tait
Arandeep;Fox
Kuba;Velez
Darnell;Silva
Azaan;Noel
Orla;Wallis
Tate;Humphreys
Ali;Christian
Roger;Robles
Millie-Rose;Yang
Ayda;Prentice
Kye;Wright
Talha;Levy
Jamal;Higgs
Marvin;Muir
Maxim;Casey
Oliver;Chase
Nelson;Gates
Oliwia;Dolan
Shaan;Holland
Abdi;Alexander
Bridget;Parrish
Ihsan;Mercer
Christine;Graham
Elspeth;Robins
Phillipa;Orr
Khadeejah;Holt
Thomas;Hogg
Jannah;Garcia
Shereen;Knowles
Rohan;Lawrence
Lilianna;Mcneil
Shah;Easton
Huzaifa;Todd
Mikayla;Tillman
Brandon;Hirst
Reanne;Mckenzie
Bryony;Cardenas
Mikael;Blundell
Klaudia;Robin
Elvis;Garza
Humaira;Malone
Woody;Field
